Mean of the integrated profile,Standard deviation of the integrated profile,Excess kurtosis of the integrated profile,Skewness of the integrated profile,Mean of the DM-SNR curve,Standard deviation of the DM-SNR curve,Excess kurtosis of the DM-SNR curve,Skewness of the DM-SNR curve,Class
90.1328125,38.85457082,0.586739061,1.675733418,3.775919732,21.38666845,7.189355151,59.68389616,0
80.28125,36.89786103,0.948061938,2.766860712,0.727424749,11.20854087,18.49844633,371.1933415,0
94.6640625,38.65740496,0.590923846,1.655762547,0.97993311,11.8077379,15.12961696,260.1695502,0
91.7734375,42.46969781,1.547537612,3.486250189,150.5443144,92.77363329,-0.530580801,-1.270990164,1
111.8984375,48.46871411,0.03570384,-0.217656177,1.596153846,11.29528945,13.27071838,241.2198768,0
103.9140625,44.64828303,0.458696401,0.887063049,0.617056856,10.38057631,19.09166583,396.5751807,0
126.859375,45.45150822,0.001818485,0.203492558,3.389632107,20.38226718,7.829813671,70.00080537,0
24.484375,41.16544067,4.347698018,18.75114241,109.7892977,82.21609152,0.010425467,-1.259046483,1
22.859375,33.00419821,5.198502699,28.10315333,73.95819398,63.18079323,0.997992772,0.525573228,1
115.0078125,49.01809234,0.04870751,-0.232283613,1.327759197,14.82956457,12.22364552,158.3888374,0
128.171875,51.74292062,0.150712183,-0.60777109,1.242474916,11.66626508,13.19594642,221.9784785,0
135.6328125,54.91226967,-0.018771751,-0.635800869,11.07190635,37.17806983,3.594327449,12.86667887,0
105.5390625,44.26198678,0.687231792,0.695163263,1.240802676,10.90789383,14.03295284,266.6222018,0
132.578125,46.56641919,-0.145056198,0.168758781,1.787625418,14.94454792,11.59153431,153.1106445,0
136.4453125,50.72302371,0.08461618,-0.223626023,3.072742475,20.88911383,7.893147843,68.11404165,0
137.6484375,45.88855213,-0.144282272,0.409022246,2.284280936,13.68235396,9.319216058,120.7069316,0
135.4296875,50.05320351,0.071229411,-0.215082566,4.039297659,26.39735521,7.13637797,52.54085714,0
123.125,50.92657091,0.125678648,-0.399647512,4.884615385,26.3644079,6.246371906,40.98263189,0
121.7421875,53.0545483,-0.091161962,-0.267380022,2.410535117,15.75176975,8.227566552,84.87250944,0
96.6484375,43.64838017,0.513867568,0.74780762,6.816053512,33.69849013,5.231797671,27.26726518,0
130.578125,50.43197915,0.072219438,-0.166228769,9.677257525,35.66735274,3.803195189,14.14737832,0
143.734375,51.50234891,-0.124623835,-0.014180289,6.762541806,30.98514265,5.093959645,27.08614084,0
41.890625,28.68341049,4.707133919,30.38440322,12.98662207,44.03777819,3.739387485,13.61329582,1
71.1953125,29.1687061,2.969223144,15.0879771,11.08361204,43.12914842,3.907151901,14.36515482,1
115.4765625,47.23031416,0.125991278,-0.130416331,88.08862876,88.35155438,0.149566003,-1.766947488,0
108.7265625,31.42717645,0.51845989,3.470998553,3.10451505,17.97392053,7.560389217,67.94839486,0
136.7578125,48.58879534,-0.156798152,0.038722483,77.89632107,82.48725017,0.240533271,-1.73045099,0
129.6484375,59.03820133,-0.076257992,-0.658627785,2.068561873,13.70711244,9.903777373,129.9531646,0
122,56.30691565,0.192742273,-0.676199941,18.10953177,54.37198961,3.107319866,8.375607899,0
35.3515625,31.4644119,4.819742314,27.05880686,18.72826087,47.50089495,3.116141164,9.737623197,1
117.859375,54.76907978,0.293732491,-0.078752642,2.804347826,17.91036343,8.200372892,78.2680679,0
96.921875,46.73288613,0.338692481,0.266694278,2.306856187,16.73465912,8.876670368,90.8365804,0
96.578125,44.48079104,0.576552051,0.798955749,3.398829431,18.02874791,7.03206409,60.39062437,0
64.203125,48.01112491,2.348346315,5.995983453,101.0292642,70.70657475,0.348987541,-0.711533353,1
93.515625,42.19189503,0.682862094,1.248827738,3.049331104,18.63027191,8.17072024,77.86910097,0
132.953125,42.57986235,0.048086321,0.328234918,3.389632107,17.80079363,7.559829288,70.51592962,0
8.9609375,30.21728664,7.513116634,55.84523749,75.5409699,56.31345171,1.133982021,1.029379562,1
128.9375,48.83722165,0.050050388,0.1559388,1.264214047,15.75386846,13.54654036,190.8732175,0
120.046875,68.92691548,0.161219278,-1.282343789,197.5777592,29.42224843,-2.282559529,8.22257475,0
109.5625,44.90402091,0.115584632,0.134251991,5.118729097,27.49875553,6.15000155,39.36557998,0
100.390625,40.94150446,0.582941351,1.144496896,1.418060201,12.30747964,11.78185224,181.1808699,0
32.4765625,41.17606344,3.654787601,13.90269145,59.99080268,66.78183481,1.197499957,0.61762302,1
35.6171875,33.15237574,5.168639905,29.04602353,58.40635452,69.24761995,1.093188772,0.323029453,1
143.7578125,50.24638452,-0.158471994,0.109268246,6.614548495,29.37890096,4.686596198,22.16344137,0
109.3515625,38.86989312,0.168128016,0.824654121,1.384615385,12.43656402,12.25502441,189.4529218,0
65.578125,33.34727532,2.351981687,9.971397801,6.403846154,31.10990258,5.646217665,33.64550365,1
117.2421875,61.71035495,0.24299774,-0.588422516,0.774247492,10.01408067,19.30894732,431.7611256,0
132.0234375,53.11139015,0.090923424,-0.477806079,9.328595318,41.52931291,4.472353531,18.80148946,0
99.7109375,41.83116219,0.300131714,1.013924693,3.357859532,18.72577222,7.234314255,61.07247101,0
131.953125,51.11290495,0.007998524,-0.136929052,2.735785953,20.97953511,8.387715201,74.17504166,0
106,41.24185526,0.320462932,0.407108869,0.743311037,12.18338815,17.25261887,305.2626669,0
101.34375,50.67211349,0.372489083,-0.165874097,1.821906355,14.23380574,10.47611754,135.4775225,0
138.2109375,56.13552968,-0.246050974,-0.540071394,25.88377926,65.29130022,2.20168458,3.023223651,0
34.9921875,32.7455856,4.132751898,21.93084176,61.6229097,70.08372282,1.108185858,0.344425534,1
86.5234375,39.82912032,0.659755587,1.512194676,1.736622074,15.75502351,10.70752888,126.4471927,0
94.796875,46.86322508,0.547160399,0.541925052,1.172240803,13.71656831,13.301363,191.5483098,0
96.734375,46.70912056,0.377104564,0.152048093,2.836120401,18.7071222,8.906146151,92.14216995,0
122.359375,40.86596505,-0.044778541,1.037037605,2.130434783,17.70582855,11.15302538,137.2621292,0
105.8203125,50.68398317,0.157763181,-0.427245651,6.065217391,,5.882067449,34.14680917,0
129.3046875,50.73330369,0.019568507,-0.339842585,2.275919732,14.24771725,9.629046948,120.2956246,0
136.703125,55.21525482,-0.138694079,-0.457520726,3.048494983,19.55006409,7.873036125,69.09910524,0
101.59375,52.42814093,0.345714442,-0.2866295,6.561036789,32.83401227,5.493631097,30.56820949,0
113.3984375,51.17606555,0.403571074,0.528198097,31.32441472,51.53908903,1.835238673,2.901304494,0
126.3203125,47.73526173,0.322935232,0.651073165,3.606187291,20.36525819,6.742066552,51.44654659,0
128.96875,52.85607485,-0.095204261,-0.471908008,16.56939799,51.68965501,3.09521699,8.239992459,0
132.234375,54.52987776,0.021015943,-0.517323389,1.959866221,13.22091917,10.45509986,145.4751053,0
28.28125,41.40518867,3.567978214,13.30472607,100.4849498,81.55386185,-0.001820866,-1.29283676,1
96.515625,39.19601869,0.515466167,1.294247424,3.037625418,20.0289779,8.17559948,74.8133748,0
120.25,51.25731655,0.220746465,0.120629198,2.010033445,11.91033529,11.38917517,190.8377343,0
138.0546875,48.43799332,0.15272783,-0.04411327,2.602006689,15.40318114,9.905255543,129.2692643,0
108.671875,43.66064256,0.16097522,0.139801756,3.598662207,24.62218454,7.491204404,57.98247071,0
55.6640625,36.00939056,3.142723508,12.78200669,50.65802676,70.549925,1.29303812,0.620718311,1
136.078125,49.75935989,-0.120659883,-0.26489637,4.97909699,26.72566685,5.727605555,33.70989053,0
131.8203125,47.69932416,0.121685349,-0.113622665,1.004180602,13.78959726,15.08498384,235.5070724,0
61.6484375,38.06051716,1.617625392,5.240351492,2.31187291,19.37611085,9.25488097,92.01099426,1
138.2890625,40.2566284,-0.125631383,0.791269777,4.662207358,22.95093523,5.900749,38.40228238,0
92.6875,40.58781952,0.483733298,1.299760009,8.284280936,33.29672195,4.36817959,19.27459313,0
100.3984375,39.28369172,0.369517807,0.901278265,2.649665552,21.38761187,8.520891954,74.55435958,1
105.4375,44.86311646,0.134379439,0.284533782,1.33277592,14.1097453,12.08149809,160.8223066,0
132.484375,50.54422327,-0.145306311,-0.248094662,5.508361204,28.85639273,5.809022473,35.23884439,0
100.4609375,39.43663873,0.470312296,1.389553074,3.804347826,22.05238931,6.707951728,49.01011952,0
140.1328125,47.18967232,0.085895359,-0.007615821,4.842809365,25.51326706,5.649555467,33.18983908,0
122.1171875,48.37429281,0.031772046,-0.003310549,2.631270903,16.74549783,8.152841515,80.52836096,0
97.5625,35.16029143,0.438211171,2.142149919,2.939799331,19.07838227,8.49720378,81.17969182,0
122.7421875,39.55973452,0.174805881,0.758631127,2.168060201,13.63760601,10.64585196,148.3583105,0
133.109375,49.49798518,-0.04968755,-0.258694487,4.70819398,25.46394197,6.718433779,48.9625618,0
95.109375,53.74727237,0.627435273,0.536495913,2.009197324,14.73332908,10.12223556,126.4645332,0
113.7265625,40.78578085,0.367794527,0.730595252,1.998327759,13.13615338,10.33573709,145.3354232,0
134.203125,45.77925284,0.02801394,-0.108025926,6.273411371,28.61054362,5.08046732,26.97466407,0
112.7578125,43.62495453,0.491886644,0.520261701,1.517558528,12.71617854,12.2996576,186.1152504,0
120.4375,55.26509268,0.147492751,-0.571767105,4.107859532,22.92158156,6.988111672,53.2699748,0
117.421875,47.3914235,0.273382821,0.309908392,2.366220736,13.30808073,9.327599076,127.5434637,0
102.3828125,37.59822991,0.502068305,1.589864986,2.839464883,19.0167849,8.060241913,74.38439189,0
80.4765625,37.70775054,0.651394321,2.605016331,1.830267559,15.47380309,10.92297631,133.8551708,0
107.4140625,44.57183937,0.394268748,0.393693148,3.475752508,20.53967319,7.04343849,56.36582452,0
57.0625,85.79734025,1.406391047,0.089519707,188.3060201,64.71256228,-1.597526579,1.42947536,0
129.078125,47.7036112,0.39496001,0.514568365,114.7575251,87.40858427,-0.172313266,-1.484623852,0
130.84375,42.34280442,0.111273221,0.892756121,1.31270903,12.22199368,13.2768296,216.3994259,0
127.515625,44.25811797,0.081966566,0.112997916,1.245819398,12.47317285,12.85619359,197.5725444,0
114.609375,39.58500236,0.024180311,1.020405033,3.294314381,19.80199648,7.487081959,64.01903254,0
110.1328125,42.72136671,0.414037135,1.371338233,1.001672241,13.77889171,15.28872515,243.3787729,0
126,54,0.247667622,-0.161393978,1.821906355,13.19512256,10.54118915,146.4998938,0
117.6875,41.24275505,0.093905239,0.58877642,4.24916388,25.75238647,6.638381247,46.10215369,0
27.3671875,30.38473895,4.875457338,28.6755746,108.2700669,76.74236842,0.094011155,-0.930388571,1
124.1640625,58.49556305,0.23642368,-0.630157294,0.741638796,9.389436104,19.5189226,470.9716559,0
112.109375,39.20981908,0.048114396,0.940525928,2.224080268,12.64567115,10.35476917,156.2274734,0
53.796875,35.2245829,2.537610881,10.33296117,12.57023411,,3.874826932,15.44939361,1
122.5703125,39.1083598,0.182604812,0.604098667,1.201505017,14.65593232,13.19741138,183.8362911,0
115.1796875,46.4031979,0.150304307,-0.022155432,3.201505017,17.52376402,7.239112622,64.57221524,0
101.359375,51.46019918,0.390138582,0.159249071,1.034280936,11.24884217,15.46934624,282.5797272,0
138.9609375,46.28147617,0.017384231,0.428362576,2.699832776,20.41011865,9.254891078,92.28409653,0
37.5859375,60.30256101,2.222209937,3.719046054,70.99665552,72.37353164,0.963634078,-0.246372287,1
99.4609375,34.85100033,0.38407633,2.47571452,3.93812709,24.01524428,6.547438679,44.56164556,0
146.109375,49.29126355,-0.171422942,-0.450379623,2.387123746,13.7475982,9.167285762,118.4825507,0
123.2578125,49.12853774,0.14183847,-0.108945834,2.119565217,14.02171936,10.17811165,134.7873945,0
116.9765625,49.47402488,0.209590665,-0.224654903,3.321906355,19.63157876,7.025086433,56.00519453,0
120.625,54.39281317,0.178517222,-0.391873885,10.81103679,,3.979721723,14.65585417,0
105.28125,54.69031243,0.443061132,-0.354324099,3.592809365,22.48519948,8.032629786,69.76968621,0
119.7421875,46.72613798,0.325001558,0.270379739,3.113712375,21.83880853,7.776603142,64.28488399,0
109.2421875,43.19048399,0.247524581,0.626773683,2.290133779,17.72047744,9.158574893,94.64273055,0
106.4921875,42.74488202,0.453945181,0.880399172,2.158026756,13.09360221,10.06622904,142.9286254,0
138.546875,51.86082026,0.13562608,-0.546714229,2.816053512,18.51261731,7.769081693,68.3924954,0
112.0546875,46.51130719,0.059912687,0.156629244,2.172240803,14.39726953,9.540924876,115.6686097,0
131.9921875,47.68098679,0.055127286,-0.177912334,3.12541806,17.04448212,7.654204551,73.68231602,0
114.15625,48.18461202,0.176504076,0.278548791,0.661371237,10.89382689,18.97366748,381.5857724,0
136,49.57317823,0.047797645,-0.619859814,2.314381271,13.63621336,9.540954215,125.6169224,0
129.203125,47.34355146,0.069522773,0.269714822,2.573578595,16.34270636,9.147538291,104.3893649,0
92.7734375,41.77585555,0.694228705,1.192460709,2.193979933,21.86388029,9.932928071,97.37352602,0
123.546875,69.39277468,0.060425107,-1.29079093,9.512541806,40.82928825,4.498688267,19.25873686,0
82.7109375,34.24022496,0.900031545,4.039792081,3.095317726,16.19403493,7.614451157,77.55918292,0
121.6015625,49.1674975,0.048081792,-0.206099809,2.14632107,15.90380242,9.241281599,100.9660481,0
110.7109375,42.97531129,0.312455929,0.521847232,3.073578595,19.63559164,7.46504985,61.47257794,0
94.6640625,44.86320829,0.632954176,0.35524214,2.27173913,20.77742143,9.67159282,95.74096487,0
128.4609375,47.91918691,-0.008418927,0.172413703,8.903010033,35.17617806,4.280974046,18.8862846,0
141.65625,49.10168618,-0.474854264,0.099495417,0.995819398,10.47424693,15.91899075,322.1493691,0
86.8984375,37.62226731,0.766870183,2.679012235,0.653010033,11.96290948,19.43500113,388.0245705,0
103.0703125,49.27492764,0.42452101,0.282820154,1.826086957,18.39063821,10.59282088,114.9287773,0
139.9609375,56.07812663,-0.192647226,-0.552131007,18.61287625,52.45631852,2.630842472,5.42314376,0
116.3046875,45.85073585,0.399116922,0.846143546,1.850334448,13.16051565,10.99824319,155.6825414,0
123.8515625,52.51905753,-0.091173338,-0.248606521,1.709866221,16.4186024,10.38594232,115.4054633,0
134.828125,48.60396547,0.055082002,0.083608985,26.04849498,62.07061996,2.167364159,3.11293088,0
129.2109375,49.13480378,0.014687015,-0.229723813,1.860367893,14.81174174,10.72950087,136.6400324,0
130.5,46.14955309,0.084445004,-0.107354783,1.529264214,11.75708623,12.53383106,211.3270812,0
128.1953125,56.05118456,-0.024595598,-0.349763782,2.567725753,16.02223356,9.03343933,101.66601,0
120.8125,51.34073523,0.029817788,-0.405792722,1.903010033,14.40708755,11.26169691,151.049118,0
145.0703125,39.8426953,0.284999823,1.088053752,12.39882943,42.83673171,3.479803519,11.11048603,0
110.84375,39.99774164,0.362048337,0.793389489,2.723244147,16.23730257,8.131253073,81.83686595,0
117.90625,51.95196662,0.121776517,0.022395381,0.77173913,11.73019874,17.37027406,319.4597827,0
72.671875,39.71403825,1.736562187,5.300701134,20.54765886,59.07871488,2.757302468,6.050100986,1
131.3828125,47.85527026,-0.02567222,0.067293749,2.235785953,14.70033753,9.292077648,108.8663935,0
109.3515625,50.80870832,-0.010264136,-0.241168441,3.034280936,16.93301762,7.572431209,71.972257,0
128.5546875,46.15002854,0.279995976,0.403025122,2.274247492,14.57015226,10.64792991,149.8546301,0
31.6015625,30.68319467,5.777222294,39.10297084,44.61789298,72.7426879,1.518847756,1.004429926,1
139.5703125,53.6724271,-0.031023305,-0.033905232,1.698160535,14.94180562,10.51691452,126.1672515,0
80.96875,37.88303081,0.776930779,2.457622502,1.336120401,13.40646027,12.39316855,175.8943427,0
106.875,47.57132802,0.199440015,0.284964217,3.079431438,20.98445543,8.427474542,78.25936579,0
113.21875,46.67138067,0.004099306,-0.095867734,8.462374582,35.15956588,4.298000074,18.07547258,0
121.859375,45.90321584,0.382637196,0.269294303,3.360367893,22.77293914,8.002561542,67.3449985,0
112.8203125,50.31050984,0.531300148,0.324872271,2.534280936,14.22095098,8.852471555,109.2304013,0
104.109375,46.05282876,0.268117752,0.452922939,3.27173913,21.98526195,7.539150714,60.04987032,0
74.9765625,38.17547168,0.846327898,2.613272979,1.295986622,13.86561219,12.73800734,180.8712481,0
116.6171875,45.43145955,0.160629686,0.027603718,2.765050167,15.70833074,8.174852865,87.03660109,0
99.140625,44.95444471,0.746357939,1.18201933,0.990802676,12.40471708,16.03496231,282.8417723,0
133.0703125,46.01531396,0.269562998,-0.045585264,3.678093645,20.42719075,7.512515056,65.00396059,0
116.515625,50.35312558,0.075483976,-0.143983462,1.612876254,13.89327939,10.90972781,142.1187519,0
118.484375,40.53489707,0.362327626,0.859121741,0.732441472,10.37089691,18.2661639,378.6511003,0
111.578125,37.12765339,0.799378778,1.864136036,21.22909699,50.63817835,2.619709013,6.279117781,1
108.8671875,46.17956987,0.206244911,0.043904121,3.210702341,17.51513686,7.969933975,77.83355465,0
48.9453125,39.18830912,3.145141266,11.66154241,192.1011706,50.9463023,-1.507778581,1.851651881,0
123,41.23446677,0.314192689,0.632505516,2.097826087,19.60763865,10.12840668,106.5587117,0
136.5,57.93328598,-0.086887608,-0.592040261,89.92892977,88.98030183,0.232477254,-1.609242774,0
114.1484375,45.17225535,0.179826721,0.074158217,2.455685619,14.5366752,9.417564139,116.3594624,0
124.453125,52.69959964,0.023508784,-0.369975651,0.97909699,12.87418139,16.04898479,279.3496746,0
136.265625,48.75536579,0.108763277,-0.209345699,2.184782609,13.27752908,10.22349389,141.7723679,0
6.5,31.52305704,7.124226849,50.96172018,139.4197324,79.1985529,-0.056566566,-1.405542127,1
135.2734375,48.82697686,-0.235957677,-0.219484729,4.341973244,19.79310066,6.026582721,44.23291083,0
84.7578125,32.61248469,1.016458767,4.744440101,5.910535117,30.445074,5.614905083,32.08310155,0
131.953125,42.20538683,0.136818643,0.265052537,14.89214047,51.73874012,3.210356348,8.405588122,0
104.2578125,53.03658026,0.413035237,-0.083820619,3.316889632,21.3262776,7.059217341,53.3114705,0
123.1328125,52.98693399,0.049613176,-0.288495114,2.52090301,20.25841576,9.107835325,88.64787479,0
97.6953125,40.26776754,0.186665497,0.993674743,1.901337793,16.02976845,10.16778053,115.9202559,0
87.765625,37.65415904,0.839832659,2.195707459,1.945652174,16.24744558,10.5292331,125.9398373,0
129.6171875,50.23804601,-0.085249854,0.163815392,3.737458194,21.50386062,7.39041903,60.84590576,0
133.2578125,44.05824378,-0.081059862,0.115361506,1.632107023,12.00780568,11.97206663,195.5434476,0
140.40625,46.58903397,-0.312568884,0.130034035,2.534280936,14.85812488,9.031897467,107.112665,0
122.90625,51.45559941,-0.10575558,-0.402825447,0.316053512,8.180373147,28.05250136,824.8646725,0
118.8828125,50.14379652,0.077970923,-0.026159842,4.006688963,25.81070055,7.100489951,52.20467122,0
90.4296875,35.39656666,0.684359649,2.899676159,1.266722408,14.17496721,12.6463996,175.2199632,0
101.75,46.57051106,0.144429607,0.410121435,3.675585284,20.76605892,7.400957593,63.71060496,0
97.203125,45.22571161,0.381121272,0.792295992,2.070234114,16.90738347,9.367738187,97.52577582,0
123.5,62.56833764,-0.111580441,-0.769203984,8.026755853,37.05736699,4.747849306,21.75724644,0
122.9921875,44.98966827,0.144861004,-0.002513486,8.673076923,35.37490529,4.206102881,17.05039431,0
126.890625,45.66936788,0.097719465,0.03574724,1.779264214,13.76874599,10.66464748,143.026532,0
100.6796875,55.506747,0.529025542,-0.05760713,3.084448161,18.15186933,8.423090762,83.6573353,0
136.2109375,48.37139075,-0.182057853,0.116136923,1.652173913,13.60310879,12.51741742,187.8131046,0
98.6640625,46.24278277,0.477674067,0.065190135,1.653846154,12.93800151,11.29605582,164.0440958,0
120.65625,48.12020065,0.224411522,0.22957395,0.300167224,7.957518897,29.26748053,898.6658289,0
90.65625,56.95494896,1.002409008,-0.008164541,10.04264214,41.88905582,4.451665136,19.11656877,1
111.609375,46.87453906,0.226778771,0.149448614,0.547658863,9.168903908,21.60411151,534.824061,0
105.6171875,41.97620626,0.55316724,1.075142696,3.0409699,17.64588009,7.709852342,72.06410218,0
100.1640625,46.90378738,0.340650618,0.104735079,16.92809365,54.55799755,2.951741682,6.865159835,0
89.4296875,47.19469044,0.411052207,0.323261417,4.454013378,27.65685686,6.627542223,44.98953565,0
46.5703125,38.00199082,3.909548891,16.57935452,48.40384615,66.27613981,1.453978586,1.245745057,1
117.21875,52.12693904,0.196283062,-0.088269059,6.203177258,30.22379774,5.285600784,28.61107801,0
127.6328125,44.11718612,0.067652431,0.103195502,9.392976589,34.50829115,4.03999313,16.48196465,0
128.4609375,50.5213294,0.202848972,-0.491970397,2.83277592,15.74431349,7.571510599,76.89973687,0
105.7109375,54.63160034,0.340996355,0.00340336,3.407190635,22.61974265,7.383158675,57.56657294,0
40,36.26896056,4.300105986,20.39031592,72.85618729,71.37776501,0.55366437,-0.602633589,1
126.0546875,51.01122863,0.006106686,0.023391394,2.06187291,14.355188,9.887395554,122.1498792,0
123.25,54.32972253,-0.035510797,-0.494210662,3.034280936,20.10939136,7.174848722,54.93152953,0
130.3046875,49.26230154,-0.06187194,0.175515906,1.66638796,11.12515788,12.80539858,239.749794,0
65.0703125,47.29366098,1.457665248,3.180849425,39.44732441,72.11873386,1.59027261,1.004465099,0
38.9296875,29.9672174,4.107268843,23.64494621,13.74331104,47.43966593,3.747314533,13.42716404,1
120.4453125,54.4517861,0.046120647,-0.566334407,4.974916388,24.65672769,5.55756666,33.36409092,0
97.6875,53.74109665,0.655981731,0.409275055,5.296822742,28.38120857,5.968260579,37.51681142,0
138.3984375,48.29844392,-0.095044453,-0.252761031,2.307692308,13.92967194,9.771926387,128.7447767,0
70.125,37.18324556,2.219011921,7.845536994,62.51254181,74.01761751,0.96856241,-0.1788026,1
115.1015625,44.10797119,0.08770032,0.1826536,2.591973244,15.84643284,8.806037973,96.0018796,0
136.25,43.57948915,-0.016918254,0.153170516,4.16638796,24.81991811,6.715070455,47.79999979,0
90.515625,37.46185234,0.80364046,1.959775213,2.209866221,14.32110038,9.665575914,121.2612017,0
38.6953125,36.36051228,4.360465712,21.15771157,15.3687291,44.45130354,3.359132223,11.35930965,1
125.15625,50.23638458,-0.108407305,-0.431259477,2.328595318,14.83577497,8.774459166,99.83719244,0
108.375,58.8310611,0.29084157,-0.622312321,0.822742475,11.70821473,18.66770781,381.857767,0
103.46875,41.15973789,0.266261012,1.166449844,2.118729097,16.43898063,9.330647781,100.3456976,0
102.8046875,43.3870766,0.431059613,0.866741155,1.263377926,10.28084054,15.41929959,326.8831256,0
43.390625,40.68346454,3.49042398,12.54182148,50.21655518,67.85578175,1.280288544,,1
109.3515625,53.94160469,0.257401847,-0.273153528,1.635451505,13.82689979,12.1519377,173.7341919,0
95.5703125,47.15825809,0.619954867,0.576317466,1.894648829,15.11407918,11.0939449,145.1457681,0
113.3984375,51.77842514,0.262187455,0.209847633,1.85451505,18.09355762,10.43158586,113.0406108,0
95.6796875,42.00612559,0.311358029,0.391926512,1.545150502,16.43550692,12.03006133,151.3141932,0
94.6484375,36.91154753,0.414356343,2.4535882,2.890468227,20.01810742,7.920727304,67.37067538,0
91.8046875,43.47378136,0.59366442,1.095129761,3.306856187,20.48293163,7.018252774,54.02972139,0
12.203125,31.2170725,5.926254772,36.8500351,98.86789298,77.91638134,0.156919399,-1.081045933,1
111.3359375,40.42223965,0.19117728,0.485737066,2.556856187,16.44589624,9.194547294,102.8602456,0
111.5390625,43.21872105,0.318156187,0.10212085,2.336120401,14.18855584,9.821478123,126.3390675,0
111.0390625,51.44086446,0.416725544,-0.204982108,2.243311037,19.86640575,9.646814881,97.69811867,0
131.15625,57.98766538,-0.09166197,-0.642411308,0.647157191,10.61113744,19.08577173,391.1869484,0
21.8828125,28.65708385,6.076240301,40.76429675,75.98411371,78.98358651,0.797466258,,1
122.203125,43.72559308,0.058498931,0.350248208,2.022575251,12.41554717,10.75781225,166.5966522,0
125.7890625,46.60332143,-0.098536494,0.089892053,6.189799331,33.98708583,5.753822749,32.58034445,0
10.265625,30.46526823,6.166521494,39.91290938,63.05685619,68.15125646,0.959817288,0.093260148,1
12.4765625,27.75449424,7.037477937,52.4585964,130.2658863,70.57405234,-0.176803256,-0.768255982,1
19.2109375,28.9681,7.383228067,54.91450581,77.35785953,74.79688682,0.819743173,-0.304083989,1
166.3671875,47.85620896,-0.646255394,0.426753852,66.91220736,86.5231414,0.731531623,-1.157617251,0
110.2578125,58.11078403,0.132559231,-0.750325135,2.829431438,18.67409282,9.247512678,98.43119241,0
86.3671875,36.47941866,0.851337465,2.353828928,4.346989967,24.86792872,6.22544446,40.66561421,0
115.8515625,46.39707861,0.298616537,0.34510575,0.724916388,9.644452609,19.47464329,447.3406499,0
122.1015625,54.09017931,0.006562854,-0.533371047,1.852006689,14.67202207,11.68979902,160.1716122,0
140.171875,50.46473233,-0.106103588,-0.113129133,3.601170569,17.83716664,6.62729333,56.15451742,0
90.96875,41.60790518,0.729465117,1.211588181,1.897993311,14.79264583,10.41870697,128.7548875,0
112.7265625,47.73064314,0.217747786,-0.263104974,1.653010033,12.14478566,12.08717342,195.0330463,0
57.5,35.27459249,2.933662904,13.23320067,43.06103679,77.7114579,1.547073788,0.790752257,1
54.2578125,41.58223142,2.979317847,10.13826609,159.611204,64.79219555,-0.9365192,0.093108123,1
105.4296875,40.64339653,0.51080467,0.979402331,2.195652174,19.11425376,9.404226367,92.16906412,0
124.078125,48.8168787,-0.069257799,-0.122427748,3.18812709,17.09560642,7.323361996,67.48455951,0
146.75,50.23227299,-0.113177563,-0.210180996,3.287625418,22.43685038,8.058795395,69.39257558,0
48.7265625,34.17480679,3.856358892,19.61184642,21.82023411,52.39793671,2.777641658,7.23326483,1
153.328125,46.30572814,-0.341424887,0.076051409,3.116220736,20.91775672,7.489994894,59.90172154,0
25.1328125,34.70666612,4.815266857,25.22566306,91.40468227,86.55596395,0.390899123,-1.237220689,1
130.6484375,53.0370728,-0.087245598,-0.422421244,1.669732441,13.98567543,12.5456677,183.6921599,0
127.0078125,49.70545998,0.092439212,-0.042894302,2.660535117,19.51258442,9.441330416,100.4552893,0
150.28125,57.23388658,-0.791681849,0.090977919,119.8327759,52.71961991,-0.900520857,0.531203771,0
138.5703125,50.85052906,-0.404696444,0.152017114,1.545986622,12.89066678,11.60436729,167.686798,0
54.546875,37.06431475,3.035278555,11.86593843,69.37374582,73.50571574,0.973691435,-0.008114323,1
129.4921875,54.80120267,-0.093746326,-0.446406142,1.765050167,16.39323875,10.54585875,122.1211071,0
130.6484375,47.06039833,0.095152872,0.15705666,2.017558528,12.54192405,11.05075359,169.200458,0
95.8046875,45.62449633,0.483252926,0.727714998,2.607023411,16.52537577,9.152093194,99.67816117,0
102.6796875,47.06908712,0.386944001,0.234452091,0.31270903,8.130882065,28.29723073,839.8706742,0
70.6796875,42.33865211,1.953791964,6.084634634,20.90301003,57.83641408,2.779721174,6.402859472,1
108.1953125,53.02034671,0.342758086,-0.262647075,2.352006689,,9.53317075,126.0787774,0
140.2421875,49.8926576,-0.151429547,-0.040801199,2.951505017,19.79039807,8.524676722,81.76678827,0
57.90625,32.20137747,3.250958328,17.30989607,25.54682274,56.80155547,2.413393475,4.922058958,1
109.3671875,44.60326346,0.381444456,0.489801644,13.20986622,43.78915662,3.463896194,11.24478549,0
117.3125,44.72079179,0.239072215,0.807152142,1.466555184,11.75771511,13.05452624,224.1694565,0
137.7421875,50.15199493,-0.077574254,-0.156097628,1.568561873,14.97297951,12.1077859,164.9030385,0
42.5078125,34.30105595,3.516711823,18.67814491,78.9590301,71.68441027,0.641440979,-0.533831405,1
114.8828125,49.6708889,0.349870467,0.448026705,1.237458194,12.65031897,13.09385309,202.3249457,0
102,38.92661365,0.637123439,1.88777873,1.639632107,15.50907819,11.10702592,135.6577175,0
139.546875,64.86149418,-0.370589791,-0.926428483,4.89548495,28.98598346,7.092704552,50.53717908,0
130.09375,50.56809108,0.017892492,-0.08105651,2.821906355,20.52543626,8.938716284,86.5811059,0
152.65625,50.59527484,-0.282304457,-0.073169971,2.828595318,22.1015417,8.788732344,80.50641779,0
118.8046875,50.89036294,0.08325419,-0.301183949,1.563545151,13.99343404,12.5778514,188.3714391,0
119.578125,56.29270731,0.19122569,-0.271500283,2.477424749,17.1004408,9.38904632,101.8822424,0
98.3359375,41.43901342,0.30207623,0.99507539,1.894648829,18.13851216,10.70562548,120.64214,0
25.5078125,62.13593919,2.872564938,6.614724178,162.9874582,,-0.420447708,-1.151424761,1
102.9453125,35.14508069,0.517647187,2.095824845,2.118729097,14.81449226,9.429594256,109.6732407,0
13.28125,27.46103418,6.878449095,51.71908385,74.5041806,66.06109073,1.133358675,0.410064942,1
84.1796875,35.2152829,0.711290907,3.251486661,2.188963211,19.00205266,9.319661759,89.97886356,0
110.5703125,41.45548885,0.340748069,1.245937348,1.007525084,11.61984709,15.05023802,260.7309877,0
124.890625,60.71285315,0.078958572,-0.683697646,2.096153846,16.15176617,9.515185325,105.7729424,0
120.203125,46.97827945,0.043533666,0.019196622,2.02173913,18.11034172,9.834432179,102.6666048,0
103.3828125,45.29161089,0.521064317,0.713410803,0.882107023,11.17234915,17.4286823,346.9094756,0
10.3125,36.10158194,5.616802567,32.14524827,84.56438127,53.1610952,1.072975801,1.020764455,1
130.3515625,46.06628883,0.365835729,0.203260733,2.050167224,,10.997135,163.7011093,0
85.078125,63.54742439,1.194805189,0.282355355,0.323578595,8.296540717,27.52755139,792.4492623,0
119.3359375,59.93593941,0.1593631,-0.743025397,21.43060201,58.8720002,2.499517144,4.595172652,0
123.9140625,56.13419014,-0.116743171,-0.751058764,3.920568562,25.67603437,8.06281385,67.30457833,0
104.609375,54.8247541,0.572020746,-0.231160352,3.274247492,20.20426722,8.384973217,80.41558883,0
132.046875,59.56808859,-0.130182468,-0.627759615,2.100334448,12.5014367,10.75078834,166.3521256,0
132.3984375,49.09021349,0.03553109,-0.455355488,1.64632107,14.15269671,10.59662452,133.4742155,0
125.734375,53.44718251,-0.091955609,-0.417057902,2.913879599,18.9630456,8.144659508,74.963429,0
106.109375,43.75932657,0.188486211,0.11709634,3.081939799,21.14553745,7.555608983,60.63057986,0
100.0078125,49.86928164,0.60639309,0.322745141,25.27591973,64.02260357,2.346076233,3.93522747,1
96.2109375,47.56010216,0.583217577,0.296429672,17.97826087,57.40501413,3.077298249,7.91641485,1
86.671875,37.9378829,0.545596431,2.065832707,1.384615385,11.65068061,12.88654566,219.0976571,0
134.734375,54.98657285,-0.13811222,-0.386839447,1.702341137,12.9425032,11.24565674,,0
109.03125,44.13171647,0.346661662,0.246380476,3.198996656,20.08611558,7.537773626,62.8641341,0
106.296875,48.399761,0.435244199,0.287502821,3.989966555,23.622694,6.330559226,41.78477816,0
124.515625,56.31107578,0.186119046,-0.576697251,2.748327759,18.14188889,8.412839069,82.17055883,0
88.171875,34.95624707,0.613908282,3.272282476,2.822742475,19.09675289,8.725162018,84.99866662,0
40.3046875,33.34421769,4.397312122,22.90804391,43.76839465,65.72739922,1.568893072,1.573680409,1
109.1328125,43.5725636,0.452113127,0.761529541,1.163043478,10.71480419,15.26996305,299.5919743,0
136.40625,46.81570208,-0.095745188,-0.204544116,2.321070234,15.73209842,9.377642581,105.4524769,0
120.421875,40.74206391,-0.216578543,0.738720501,2.778428094,19.27403775,10.117767,114.5741943,0
109.265625,41.47579949,0.250427896,0.377768965,10.37541806,40.12458063,3.958871905,14.8362423,0
97.734375,33.23977389,0.703142914,3.559193447,1.455685619,15.1093188,12.2163572,161.1243712,0
121.2578125,48.68717845,-0.161952008,0.142659805,1.908026756,17.19040243,10.39235191,115.511287,0
36.296875,41.66708821,4.078388212,16.47721468,77.91722408,73.96712868,0.565244349,-0.636362601,1
83.90625,39.08133296,0.632302854,1.9147951,2.535953177,15.40982655,8.99136861,105.6064222,0
130.171875,44.34913143,0.248646786,0.414137747,3.803511706,26.22010681,7.294434699,53.79774129,0
144.453125,52.15869106,-0.311328867,-0.289645347,1.081103679,13.22550531,15.30033692,261.1072275,0
111.8046875,49.90883229,0.140358673,0.32357773,11.49749164,34.07952279,3.125181645,9.671569503,0
120.84375,43.70755754,0.238979294,0.258598689,0.559364548,10.67099909,20.29562708,423.2501938,0
142.9765625,49.56095755,-0.120734253,-0.168124619,3.644648829,22.39800322,7.240249344,57.41524727,0
74.0546875,37.99759626,1.052255026,3.667816258,1.949832776,16.57074098,11.01906822,134.4902108,0
168.796875,46.22015243,-0.888020113,0.848485867,56.91889632,89.71180694,1.121139672,-0.499956324,0
137.078125,44.60724601,-0.236994672,0.072141718,8.240802676,36.60658887,4.733663168,22.30224543,0
9.4453125,32.42293955,5.901331773,36.14395837,110.5643813,63.80673449,0.460033325,-0.828869488,1
132.6640625,46.93151216,0.089051718,-0.247004524,6.432274247,30.53220125,5.564318926,32.36775791,0
98.34375,47.0293189,0.868207578,1.112784302,26.10200669,60.65677023,2.225273001,3.622436634,1
135.46875,55.50463628,-0.059324914,-0.71690331,4.178929766,27.7369649,7.155479063,51.72882229,0
108.8125,47.89062245,0.362649669,-0.032789341,2.322742475,14.64665832,8.908758107,104.883407,0
105.8515625,53.51286204,0.452041898,0.126917305,2.831939799,19.12927374,7.432878605,60.43216253,0
117.328125,42.58577913,0.307784581,0.88032089,1.689799331,13.03981283,10.98004252,154.4936226,0
118.53125,43.71425996,0.282787659,1.018309586,5.466555184,34.13358645,6.105902701,35.43684406,0
127.5859375,48.12703362,0.042119015,-0.216270565,2.456521739,15.99829472,9.91901319,122.5725708,0
128.75,50.84550742,-0.09537627,0.020132088,4.483277592,28.00278691,6.299778338,38.99483589,0
127.109375,48.53594582,0.013859462,-0.007647327,1.859531773,15.93119616,11.05433905,136.8919808,0
157.8828125,44.40696403,-0.425179573,0.457416546,2.204013378,16.95484414,9.86502431,108.5895812,0
112.8984375,46.59815579,-0.078139046,0.03072923,2.246655518,18.18886049,9.898211956,107.9650115,0
100.75,49.82955323,0.440333023,0.061638408,3.025919732,19.99486131,7.806439193,67.00138248,0
112.6328125,40.69203529,0.394077746,1.535719086,2.807692308,20.10211742,9.047894268,90.37678502,0
107.21875,54.27907307,0.244729883,-0.363645619,2.04180602,18.67124284,9.86687055,101.8906154,0
126.8125,57.5177622,-0.022401772,-0.672614822,3.209866221,19.23973738,7.687858936,70.35634786,0
15.2109375,29.00583248,6.214507442,42.13429363,93.77341137,71.00970066,0.23949835,-0.641023543,1
85.6875,35.48519718,0.712184647,3.70739484,2.515050167,15.31925388,8.645087047,96.2009376,0
134.5390625,51.38030726,-0.003914972,-0.103663031,4.546822742,23.80502564,6.399416857,45.24619024,0
119.1484375,37.93746702,0.055981588,1.466377438,2.148829431,14.64991434,9.32177745,110.1219677,0
132.796875,54.66393912,-0.014099261,-0.473939133,2.884615385,18.4501062,7.954481279,72.75201197,0
124.46875,44.77477273,0.028844727,0.151783758,1.745819398,20.09880962,11.4825735,130.5078893,0
126.3515625,53.43945023,-0.120530793,-0.457801414,2.285953177,14.16860383,9.530531603,120.6550092,0
113.5625,49.29229624,-0.089233459,-0.378080331,1.900501672,14.44899806,9.927803007,120.2876363,0
89.9609375,45.06009916,0.69710048,0.9128628,2.034280936,15.26082034,9.965459227,116.5456637,0
122.2578125,43.94798881,0.189695415,0.337448374,7.373745819,32.4281549,4.786838745,23.70373228,0
128.84375,53.32952359,0.094572009,-0.313944642,2.284280936,13.45776698,9.566518633,128.1122634,0
123.5859375,43.75991447,0.323615273,0.565867778,6.503344482,32.44708822,5.108635192,25.48160592,0
97.03125,52.63434262,0.380965552,-0.00766735,1.897993311,17.63731496,9.845950404,101.0583184,0
114.9296875,49.95266253,0.347779802,0.593843995,1.923076923,17.91028654,11.24476246,136.9852245,0
130.453125,52.15165077,-0.282177201,-0.237630039,2.692307692,16.63177765,8.450150627,85.40319011,0
19.8359375,30.27033855,6.005141397,37.93730527,48.71655518,64.52055564,1.312654577,1.02515552,1
121.859375,42.182219,0.247988903,0.698647195,2.071906355,12.29867356,10.59097711,166.6081538,0
83.6796875,36.37928102,0.572531753,2.66461052,4.0409699,23.16912864,7.006681423,53.51400467,0
135.765625,47.55087479,0.100984357,-0.105084632,1.97993311,15.84016946,11.23317173,143.8231532,0
137.5625,42.9535996,-0.075828897,0.121619474,1.739966555,12.66094149,11.31093528,169.9917998,0
29.3828125,30.9240807,4.950562272,29.03620102,47.93478261,76.42785148,1.427907483,0.681617674,1
78.1015625,69.39738826,1.303471641,0.420722724,12.90050167,45.03559684,3.926855752,14.82775476,1
41.375,39.76532723,3.802018452,16.05622183,23.66053512,55.42796537,2.451976243,5.164108329,1
132.1484375,51.09994647,-0.089447443,-0.0189829,56.78511706,85.0518029,0.96479958,-0.859262021,0
99.1015625,39.73738791,0.584018176,1.526071034,2.837792642,17.63572622,8.82301218,91.82589998,0
119.3671875,44.37973057,0.326204686,0.638259748,3.350334448,23.65435697,8.213100597,72.67124783,0
114.359375,47.4779117,0.352885202,0.438111658,1.905518395,16.15079245,10.53494435,126.1819551,0
124.578125,49.45367298,-0.094629043,-0.270629804,1.735785953,11.99304803,11.95862807,195.4402639,0
73.5390625,40.74691368,2.112812213,6.641841987,63.80100334,82.60621337,0.928496758,-0.63564034,1
118.3125,51.70555912,0.229173438,0.025168901,3.004180602,18.87037678,8.686533933,88.05298273,0
104.625,55.25480748,0.558790272,-0.049890517,1.947324415,13.0240863,10.59588709,151.2045668,0
116.8359375,51.17506371,0.067098352,0.12112934,4.248327759,18.64662689,6.159167433,49.14290982,0
49.25,53.79605585,2.081977286,3.98201336,8.286789298,34.42444384,4.893210473,24.45344422,1
95.234375,47.56598778,0.446492419,0.338406362,1.352006689,13.60149526,11.81026392,159.6326241,0
44.515625,41.04836788,3.538023533,13.47873662,7.182274247,31.96860741,5.244196044,29.21446575,1
114.3125,49.91535804,0.239052411,-0.242472833,3.695652174,20.42207674,7.224837818,60.85840106,0
139.296875,44.98929723,-0.115838253,0.045880608,1.911371237,12.14897099,10.93831352,175.0354028,0
135.75,44.23269436,-0.018804944,0.22744643,2.418896321,13.72499651,9.436217698,123.4650664,0
46.921875,42.90316301,3.111214183,10.10921616,93.25752508,74.66304845,0.427270153,-0.714515922,1
110.1796875,41.59504057,0.238782225,1.481365038,1.806856187,16.09229192,10.6672334,127.0464381,0
117.1875,47.32215886,0.175743615,0.104361363,31.58946488,69.27155272,1.755782442,1.139128414,0
110.8359375,43.12876385,0.365057095,0.493412169,2.861204013,19.06161809,8.289132553,76.62971378,0
106.5234375,43.60618592,0.590522637,1.136204684,2.262541806,18.89288504,9.827439293,104.6190214,0
112.7890625,41.66733064,0.453129239,1.129003088,5.153846154,29.26881655,5.965337172,35.66248466,0
106.5234375,53.50379146,0.525152192,-0.238244505,2.5,19.89304596,10.10294365,110.5185408,0
118.046875,52.16632944,-0.008142931,-0.398918529,1.918896321,11.96130652,11.75701661,194.7593153,0
138.765625,53.47231824,-0.143796643,-0.427600731,1.915551839,14.85927496,11.10402837,145.5760865,0
143.0078125,44.67390459,-0.1423662,-0.056888056,0.89548495,11.83046121,17.22809436,334.4242624,0
106.125,46.9327977,0.299313091,0.387502054,2.43729097,17.0201606,8.31900746,80.63396669,0
101.1171875,41.31616306,0.479362452,0.741283898,1.756688963,14.95445137,10.6259377,133.3175404,0
42.921875,37.74598683,3.536086868,14.79670659,73.37207358,68.73610183,0.768769532,-0.052172988,1
103.2109375,42.21608334,0.329757823,1.017625996,1.566889632,12.20976256,11.91939233,188.1523764,0
124.9921875,55.75006952,-0.131174189,-0.591006571,3.806856187,22.38098183,7.091617233,55.8307921,0
102.0703125,42.89470822,0.280225149,0.635869947,2.9590301,18.21203139,8.598819639,88.98838308,0
121.09375,49.36288419,0.239519351,-0.0782224,4.431438127,25.77840638,7.106856426,53.12394169,0
106.5234375,48.76377447,0.6554294,0.448138297,2.659698997,21.10097751,8.90484758,83.52674473,0
116.328125,53.22257354,0.228110257,-0.117541181,1.29264214,10.46125097,14.84484456,305.1422216,0
115.625,53.41245758,0.229058416,-0.188050257,3.731605351,20.83356657,7.064974448,57.37252818,0
108.1484375,50.17937977,0.396954585,0.103309262,3.241638796,24.79004086,8.215359881,69.41233217,0
150.375,45.65221791,-0.238718611,-0.103367213,99.18561873,78.15499347,-0.43969853,-1.7107083,0
41.078125,31.43783782,4.194338965,23.50961288,24.43896321,55.44445339,2.351378114,4.689224745,1
102.515625,43.97051291,0.387712699,0.657050826,1.837792642,11.74593546,11.70161646,199.1197766,0
131.1953125,50.06590322,-0.090631313,-0.050356626,3.226588629,18.91018188,7.665352563,70.14302195,0
117.96875,51.77127242,0.33041296,0.274453144,1.475752508,11.92795741,13.25039832,221.3566602,0
103.71875,30.83371164,0.429166659,4.124845562,0.838628763,11.5376313,16.43614907,299.5097272,0
105.125,52.36828716,0.243955299,-0.357901517,0.663043478,8.571517279,23.41509217,655.6148747,0
84.7421875,35.54360133,0.753777157,2.959344065,2.20735786,13.32111054,9.340697404,127.0325896,0
95.390625,57.46088811,0.850746019,-0.112877154,11.2951505,44.43700976,4.134948641,16.12329194,1
123.9375,46.25620735,0.233668745,0.159343248,6.107023411,27.7142958,5.115677852,27.47531749,0
121.671875,46.9404725,0.088419033,0.082682062,1.444816054,11.17590269,13.40306247,246.0008004,0
112.7890625,50.09735091,0.178614266,-0.461199956,2.767558528,19.64882708,9.00617017,90.79352981,0
97.9921875,45.91032293,0.289163114,0.171060242,1.790133779,16.72041198,11.48085534,145.2651458,0
149.8203125,51.44861417,-0.164474931,-0.072422437,2.576086957,14.6029409,8.737733452,103.5868402,0
114,44.58646796,-0.056666749,0.258245346,3.137959866,22.41383047,8.207095666,71.02269519,0
113.1875,39.99643539,0.196600369,0.764925518,1.074414716,13.93260105,14.67465836,227.6290236,0
117.40625,46.35940396,0.046956774,0.24653028,0.954013378,11.2101569,15.40994078,280.9579811,0
102.46875,51.70604073,0.282265316,-0.074093535,3.308528428,18.13105286,7.929686624,77.1706475,0
129.6015625,48.91947143,0.278880759,0.068817226,4.089464883,21.94332597,6.375726293,45.3358552,0
55.6015625,30.84166719,3.76265049,19.62593194,15.85451505,46.80919683,3.407549073,11.38513296,1
93.390625,35.5229315,0.596736354,2.643345778,5.326086957,26.74562487,6.102822599,40.56224248,0
110.3984375,53.27601182,0.303537624,-0.457071591,2.266722408,15.51210326,9.062941927,99.65215746,0
13.109375,35.37836432,5.597915884,31.80896164,34.36956522,55.13577534,1.958834549,3.476016531,1
160.953125,56.53329486,-0.684733249,-0.297175552,10.54431438,40.89118699,4.427151306,19.41511228,0
80.234375,40.55464762,0.585860962,1.480077245,2.992474916,16.54912956,7.81992273,77.2069017,0
38.453125,37.2042209,4.358123862,20.62986473,151.1346154,89.0429762,-0.453400146,-1.306666595,1
84.6015625,39.68909246,0.500414213,1.693290033,2.377926421,18.45624803,10.11281538,112.4855628,0
84.9140625,37.06519327,0.678702095,2.48515509,6.346989967,29.15113138,5.169736626,27.65884613,0
99.875,40.14699553,0.503974886,0.995146624,2.515050167,15.4870409,8.514689911,92.11476772,0
95.8046875,46.84566725,1.124462985,1.363889089,118.5844482,100.6707126,-0.099585073,-1.727136871,0
124.6953125,49.80407843,0.093029866,-0.12824929,8.515886288,36.85151325,4.430659676,18.88284709,0
107.984375,62.67949031,0.499147957,-0.951198188,6.444816054,26.39263855,5.234382859,31.53014292,0
117.046875,44.22648729,0.37963909,0.36491994,2.24916388,13.48521267,9.933787511,133.6564971,0
120.265625,51.03682561,0.150724608,-0.351976822,1.336956522,13.3637434,13.4926617,210.954634,0
106.5390625,49.15455573,0.470204602,0.302376098,6.501672241,34.07159731,5.265952515,26.78601094,0
81.953125,34.3622384,1.066992221,3.944252331,1.912207358,13.36432448,10.2495469,139.2167399,0
119.8984375,42.51393886,0.179973798,0.524947336,1.397993311,12.76329902,14.11845266,245.5169241,0
112.9140625,39.07925188,0.32106028,1.138003387,3.274247492,24.24802248,7.986921075,65.73501433,0
112.2109375,40.22896429,0.380674692,0.779623807,2.262541806,15.10558054,9.570015921,111.8705814,0
115.3125,47.34147065,0.360143686,0.370740575,2.077759197,15.00177716,9.940999005,119.1543211,0
93.1015625,44.74805161,0.501497565,1.117013497,3.307692308,23.28352887,7.468171145,57.45808379,0
118.6796875,45.92026609,-0.044072907,0.365133976,1.232441472,11.68222577,13.83097018,235.6601373,0
101.6640625,51.65575315,0.548540083,0.2942675,1.75,11.9872511,11.74473252,192.4677569,0
71.5,54.94741805,1.771012709,2.65133641,33.94899666,65.00634063,1.865206671,2.211822965,1
119.53125,54.00606701,0.167600234,-0.368857113,1.785117057,17.45998232,10.56595306,116.647043,0
116.8125,47.2588864,-0.055749178,-0.109261627,7.704849498,34.58215476,5.192773143,27.41614736,0
89.0859375,38.99720089,0.255870722,1.627648037,3.336120401,16.89003584,7.278727355,68.67160351,0
84.2109375,37.4292358,0.667545723,2.068823653,2.446488294,15.45366294,9.292014263,105.9913233,0
104.9375,39.9583279,0.310060593,0.827842043,2.754180602,16.11179923,8.249519051,87.95277013,0
132.703125,43.00133708,-0.107772078,0.456369438,2.282608696,18.39210784,9.254129991,94.16772498,0
135.4140625,58.36048098,-0.004878275,-0.950799554,19.1638796,42.64283375,2.494001115,6.330259945,0
105.8203125,32.78133844,0.461896953,3.052894159,2.389632107,19.72796666,9.081129518,87.6462431,0
81.890625,38.96718058,0.649335994,1.752516866,1.558528428,12.08902675,12.16227578,197.5566758,0
51.046875,33.52211476,3.755470816,19.54269421,14.10535117,41.44407044,3.56021064,13.0764954,1
113.5703125,46.16490205,0.21974014,0.471305456,1.622909699,14.46622558,11.17270025,145.7601763,0
94.1015625,42.36667319,0.515570385,0.967451891,1.240802676,14.13795648,13.41075361,196.0305542,0
74.109375,40.59310948,1.696825468,5.157732788,12.1764214,43.951381,3.92744644,14.74880851,1
48.3671875,30.0577234,4.500912427,27.91794242,69.83862876,74.18078711,0.740556013,-0.606040114,1
103.75,48.69612408,0.41476277,0.217375616,1.777591973,13.25107554,12.81005875,210.3388686,0
103.4921875,45.93660647,0.088488831,0.048365099,3.404682274,22.91313635,7.456085946,59.02149914,0
11.9765625,29.57761634,7.550921894,56.53774698,128.0200669,73.431466,-0.124471665,-0.899232451,1
139.2109375,49.82949872,-0.040103331,-0.217733155,80.69147157,93.38248545,0.320600644,-1.83787698,0
125.3203125,39.17686929,-0.118252793,0.893916279,1.259197324,14.12751439,13.63278983,200.5690501,0
83.1640625,38.85907579,0.837233809,1.988988286,2.929765886,17.79063722,7.750975122,71.9449268,1
80.8984375,42.97634521,0.812331643,1.431670815,1.921404682,14.37664087,11.63006196,167.2872583,0
98.2109375,47.24250145,0.591122875,0.40110591,1.427257525,12.35872241,13.39411501,218.1620811,1
85.40625,47.88779814,1.168742905,2.225387102,17.65133779,51.75294741,2.911072145,7.270132748,1
108.5859375,51.50372064,0.09432933,-0.310161847,4.974916388,30.73931888,6.239043567,38.11494319,0
136.796875,52.07016891,-0.264543146,-0.260816314,3.509197324,21.46656611,7.916398669,69.47033025,0
116.3828125,56.73790084,0.182543451,-0.558336941,1.64548495,14.20895443,13.45248099,202.6926872,0
83.859375,40.05206268,0.764697139,1.758846735,1.150501672,12.29299872,13.68505242,219.5815029,0
113,53.7661313,0.047051742,-0.435686885,4.468227425,26.00623466,6.641223627,46.71209329,0
126.484375,56.01771265,0.169451782,-0.401387104,2.352006689,17.94549545,8.886485939,87.33774991,0
109.9140625,43.34653737,0.289821912,0.719353655,2.35367893,14.96745058,9.672407549,118.4390725,0
119.2890625,54.97515808,0.446125842,-0.197450025,40.2173913,57.22989108,0.972514711,,0
115.8984375,55.62933127,0.382114814,-0.299731538,1.622073579,11.4217996,12.81936479,230.372885,0
6.984375,28.56406844,7.454056179,56.35272065,111.9389632,50.6762013,0.802719867,0.627865868,1
84.6015625,47.14859155,0.653889242,0.598995363,1.25083612,13.4326248,12.8614719,186.3618964,0
136,41.39765241,-0.333551376,0.797949606,2.918060201,17.36264707,8.520862642,87.49456935,0
69.2734375,31.75706487,2.530868444,11.3877964,38.84448161,68.87492344,1.599715768,1.182493529,1
117.53125,41.74474845,0.107284435,0.734814701,3.539297659,22.59630362,7.642489983,63.59729757,0
136.25,55.45380961,-0.082916387,-0.514946906,86.30685619,65.13614751,0.041172569,-0.768063244,0
114.1328125,45.00440449,0.090974783,-0.191936011,3.144648829,17.45476657,7.401368607,68.85666375,0
135.6875,43.33260717,0.044201327,0.417450667,7.60451505,33.94876052,4.546678529,20.0401602,0
124.1953125,53.74870036,0.023260159,-0.332511497,2.330267559,14.1202002,9.557755607,122.5228314,0
92.5546875,43.19085707,0.514455267,0.891480669,2.00083612,15.12774476,10.51207358,130.9777827,0
126.421875,46.52143481,0.161707083,-0.090320246,1.954013378,14.63075261,10.08116567,126.518818,0
120.328125,50.16490142,0.136992008,-0.155807949,2.162207358,12.52864717,10.34805337,157.8507549,0
138.0234375,56.93011956,-0.011032537,-0.64470895,2.865384615,19.38294183,8.499953383,79.30746027,0
120.2421875,43.80688197,0.189406148,-0.066787393,0.948160535,9.969803319,17.28204234,379.1169826,0
124.703125,53.62636353,0.292219727,-0.181923733,1.008361204,14.07962059,15.15526086,239.6859409,0
145.140625,45.54388927,-0.316156176,0.042365005,8.321070234,33.65580139,4.615381965,21.46987071,0
119.34375,43.62722729,0.317207744,0.413501605,3.117892977,17.07999028,7.247819956,65.89074678,0
106.5078125,41.81861803,0.089786042,0.716956389,2.844481605,17.91220398,8.396767066,86.08231901,0
76.6171875,38.16004969,1.72805597,5.587436324,13.74080268,47.20351626,3.643666489,12.48082938,1
122.4296875,46.2705501,0.475846882,0.417941941,3.872073579,26.40667018,7.3672044,55.66470708,0
119.7109375,51.12334232,0.279556686,-0.170463675,93.2583612,86.12369171,0.215756419,-1.530227387,0
93.75,40.65767916,0.910554522,2.164689907,5.096989967,28.2178984,5.916693572,35.54230373,1
103.078125,43.49759501,0.490863601,0.619545662,1.984113712,18.54495348,9.997284617,104.0055893,0
112.953125,52.10474117,-0.060116074,-0.182288166,7.126254181,33.86514096,5.116697643,26.18453217,0
124.859375,47.92942963,-0.09142381,-0.079763757,6.105351171,28.18389098,5.567515414,33.45840744,0
133.2109375,49.85316758,0.038277697,-0.311327614,2.198996656,12.65355975,10.09967924,151.1237069,0
101.8359375,47.80850103,0.603284379,0.38939756,3.315217391,17.33778528,7.16269103,65.25187936,0
8.25,26.94351731,7.879627678,63.46638835,48.65468227,58.2943487,1.514147433,1.877476401,1
124.0390625,55.96768073,0.083600686,-0.614574233,2.897157191,19.80085532,7.677181604,64.38731698,0
133.8203125,55.62478,-0.065921059,-0.570366721,13.29347826,50.1650119,3.540067795,10.6710247,0
101.8125,42.85089519,0.081761178,0.6357473,2.293478261,14.41402806,9.500234769,116.9889635,0
129.96875,53.92151958,0.428819116,-0.595279906,64.63628763,82.30454086,0.833407145,-0.781927937,0
125.96875,52.7576916,0.140843955,-0.397859782,2.447324415,19.3802748,8.6962847,80.18947206,0
102.1171875,52.10950326,0.491876186,0.02215889,2.519230769,15.24165866,9.080384186,107.0181475,0
120.0234375,47.68278398,-0.028609971,0.148781407,3.408026756,18.63392461,7.331756388,64.8512082,0
98.015625,44.84661086,0.649316918,0.965570714,3.432274247,19.89910828,7.078860305,58.06248628,0
140.3359375,49.69788057,-0.377740339,0.023862311,4.071906355,21.03909834,6.99152941,57.60307868,0
121.21875,52.57211379,0.217557996,-0.311485233,2.585284281,18.10491307,10.77228765,131.3446235,0
112.7734375,50.21270613,0.265596727,-0.271815626,1.89632107,17.28496998,10.52453181,119.9000403,0
123.671875,42.34329739,0.44007387,0.742069442,1.178093645,10.81499432,14.68765431,282.5940334,0
107.796875,41.56270853,0.510415259,1.672603023,1.910535117,17.34095012,10.50891351,120.4432366,1
84.375,36.07349269,0.658673743,2.935900975,5.768394649,29.72705891,5.581948323,31.77335222,0
147.2890625,46.96261018,-0.138678325,0.046161536,10.34615385,41.19115538,3.949408484,14.39234512,0
110.2109375,56.37633761,0.117806801,-0.470278049,6.727424749,31.25059385,4.906865813,24.15258584,0
128.0234375,44.11445781,0.17049644,-0.067414113,2.33277592,13.69860584,9.603359131,126.4645464,0
130.6171875,40.3541202,0.263368745,1.185816416,3.859531773,23.84594511,6.667953755,46.8019528,0
116.34375,50.48923733,0.144794765,0.028264315,1.077759197,10.13057594,16.09307056,346.9273558,0
117.703125,49.86691027,0.120246545,-0.189479414,1.893812709,15.85336006,9.945552163,111.4626095,0
110.8515625,44.75001569,0.260128165,0.064584018,2.169732441,14.85843297,10.50960742,143.0137821,0
111.9140625,44.55176542,0.335148034,0.117880585,2.077759197,12.73671412,10.67488105,159.3252145,0
47.484375,36.88452936,3.298800061,12.12951179,24.3812709,55.06566573,2.495798577,5.598441147,1
118.890625,52.01971297,0.112573231,-0.324959802,3.321070234,18.39043095,6.896196484,57.3944087,0
125.6796875,48.03789741,0.01487067,-0.043867148,5.914715719,27.29835315,5.190413612,29.33438934,0
134.0625,48.93534478,-0.127156441,-0.345019953,19.8235786,46.93635639,2.101420148,2.954248511,0
100.4375,45.79399353,0.326875054,0.574372958,3.132107023,16.43185805,7.381265702,71.22038236,0
106.84375,41.6078113,0.393022617,1.154649341,1.483277592,15.41425375,11.95950342,153.7857247,0
114.765625,50.24199009,0.250453488,0.265001208,1.234949833,10.69159404,14.7424194,289.945208,0
123.21875,41.99068675,0.378667375,0.66472584,6.29264214,29.79110066,5.41689496,31.2897419,0
107.9140625,44.14536133,0.600735127,1.273469816,1.474080268,12.41136456,12.96365039,207.9256278,0
96.03125,43.12390171,0.694121511,1.836149044,3.318561873,23.86979781,8.093838632,67.5506215,0
116.3125,43.24146411,0.580345426,1.029661169,10.45568562,40.1273334,4.192998605,17.68270745,1
119.9609375,54.13083143,-0.007230668,-0.551288359,1.769230769,12.60575026,11.64862912,179.5236467,0
119.4765625,46.56815651,0.023647801,0.072086245,8.450668896,34.68012078,4.734922698,22.89082584,0
108.953125,44.81400091,0.363050551,0.19017788,2.012541806,13.10654856,10.47921043,148.2301612,0
131.015625,50.17375814,-0.023811665,-0.109317923,3.030100334,20.79810008,7.792756461,65.61212762,0
113.890625,51.04719544,-0.151288644,0.054162984,3.878762542,22.91567756,6.99892263,52.73062847,0
130.359375,52.41820032,-0.073106552,-0.428533732,4.387959866,24.98447656,6.643754192,47.64930159,0
130.3125,46.65929536,-0.017891325,0.209152671,3.281772575,17.04827992,7.178018704,66.14317567,0
112.375,46.26790194,0.158276702,0.432606807,6.440635452,28.65827355,5.003623577,26.44616323,0
106.8359375,53.78905229,0.023822116,-0.397320774,2.370401338,12.81867733,9.766991951,143.2327912,0
108.9609375,42.91860071,0.414054346,0.699775142,1.9590301,16.19021011,9.816903665,108.1031313,0
99.4140625,41.85027765,0.30250666,1.046662399,1.472408027,10.38651402,14.7063415,309.3714008,0
107.109375,44.34563014,0.271246448,0.140060386,4.257525084,24.93326682,6.40106476,42.68212592,0
120.4375,43.43345305,0.146639141,0.67250805,1.495819398,10.91135532,14.17387919,272.0814945,0
109.96875,51.58820382,0.452037136,-0.016146002,1.512541806,16.71057012,12.21297741,155.913504,0
77.921875,56.83495972,1.464574632,1.409660357,37.22324415,69.76036019,1.729314585,1.678063525,1
118.171875,58.80477624,0.094583898,-0.52927042,2.930602007,16.90394959,8.011701432,80.17904571,0
111.203125,51.14491656,0.124910557,-0.105265874,1.700668896,12.76638692,12.26106325,188.4904163,0
126.9375,51.27693652,0.11169482,-0.398295625,115.2040134,89.78492613,-0.287450579,-1.591701718,0
119.296875,57.28429096,0.082517079,-0.535151465,2.471571906,14.98148337,9.045786138,106.3119146,0
15.0390625,37.81459753,5.105033067,25.49731091,159.8494983,76.74001035,-0.575016194,-0.941293199,1
99.859375,42.1349644,0.684321191,1.322747535,4.336120401,23.5321043,5.941542547,37.17996738,0
51.0703125,49.34574823,2.509115646,6.156814519,103.0635452,77.65851827,0.088468245,-1.002333705,1
135.4765625,54.19437887,-0.106678487,-0.155716046,2.657190635,14.1349045,8.638464952,106.6683949,0
116.3203125,48.69819902,0.331506286,0.640744905,1.502508361,11.03282547,13.56838477,255.2151904,0
144.8125,58.09068207,-0.252263228,-0.611680601,7.154682274,32.06726813,5.027761763,25.93364371,0
141.046875,48.86010952,0.081731718,-0.119005328,5.043478261,29.30299189,6.188729692,38.56174165,0
114.0625,49.06544577,0.186579935,0.261776552,5.450668896,30.15442542,5.928878251,35.52635398,0
153.578125,44.78082203,-0.132110137,0.218585182,9.652173913,38.1408596,3.995355988,14.94816063,0
95.9453125,37.50214756,0.652560125,2.343041278,3.481605351,17.80601049,7.559978852,73.81321824,0
90.7109375,40.22012718,0.438805932,1.110275706,19.35200669,52.49047377,2.548456437,5.086042413,0
94.6875,40.24218674,0.402418334,1.302280634,4.33277592,21.22718242,5.800181058,38.42667498,0
90.484375,35.44846267,0.500564282,2.660595534,5.911371237,27.2899795,5.457924272,32.47826446,0
95.2265625,46.97176925,0.498021891,0.487007074,1.357859532,15.49977981,13.34382794,189.4738238,0
10.3203125,26.87120136,7.875742091,63.14953741,38.88795987,58.92379997,1.635319647,2.225702658,1
90.546875,45.14297761,0.915527516,1.601072493,4.857023411,28.3993345,6.132705861,37.81336047,1
118.6953125,52.19952086,0.0136511,-0.227397707,3.198160535,20.88485785,7.944436838,70.73700328,0
96.296875,39.0225014,0.434789167,1.449524112,1.233277592,14.228778,12.58254231,169.4130981,0
123.7109375,42.27276612,0.16207778,0.497171279,3.149665552,21.93617623,7.783845088,64.11021147,0
125.96875,48.68279623,0.298728841,-0.231977531,2.237458194,14.56316429,9.705150028,117.827162,0
112.84375,49.0513821,0.074551957,-0.083599689,3.410535117,22.60171042,7.240796922,54.81113215,0
100.7265625,46.91710023,0.631610546,0.757659946,9.430602007,37.45966884,4.250136509,17.64899395,0
110.0703125,37.87380023,0.002434542,1.471485646,2.876254181,16.41639622,7.526804972,72.00044829,0
127.6953125,51.26624111,0.066195705,-0.098313192,2.177257525,13.57299174,9.86032513,133.0872653,0
29.390625,32.74862458,5.163921004,28.81412049,44.23829431,60.27744581,1.435925521,1.528894592,1
91.921875,45.72362788,0.523843215,0.423115571,0.72993311,10.24898104,17.94338655,375.4230285,0
55.875,33.68233959,2.734160587,12.05838952,11.1638796,40.07797458,4.024834632,16.18292524,1
88.984375,48.5313984,0.478328977,0.347109495,2.878762542,19.01709802,8.597013561,86.67819976,0
111.515625,47.37598686,0.205978732,0.252013805,20.03762542,60.46730858,2.708063268,5.410695269,0
110.1484375,44.17615481,0.390008852,0.053041631,8.464046823,36.93467357,4.604274963,20.79257816,0
101.1796875,50.39150375,0.488225948,0.140277984,2.567725753,19.96216141,8.828874599,83.61884022,0
111.015625,42.79511223,0.519787079,0.758427362,3.220735786,17.68272322,7.375376974,66.58478931,0
116.5546875,49.68680166,-0.042807061,-0.239529377,3.650501672,22.79569559,7.385336046,59.58294009,0
123.625,52.10116361,0.040286937,0.066141063,0.673076923,9.735428743,19.21606148,434.305014,0
138.9765625,48.90176135,0.116474235,-0.440870565,9.089464883,37.42796233,4.347298608,18.46522154,0
128.2578125,47.21464386,0.177109378,0.111157501,3.720735786,19.34882066,8.137155538,83.12630079,0
134.53125,49.47915241,-0.143461714,0.061533094,3.345317726,22.34935417,7.427826717,58.45133524,0
100.9453125,39.88054597,0.480913675,1.070047431,3.834448161,18.81215941,6.460186202,52.16197109,0
130.3046875,51.3378148,0.070259687,-0.182523754,14.10033445,47.05632397,3.343949922,10.09427275,0
118.8984375,48.11182285,0.10486163,-0.194532552,2.162207358,17.61480574,9.213264397,92.67787045,0
77.5078125,38.61104038,1.895567722,6.257880149,18.22073579,48.4371617,2.907536063,8.276427128,1
53.2734375,32.41400036,3.773294109,17.97403815,44.4180602,74.49418604,1.570768475,1.119029808,1
97.09375,35.54540176,0.375064869,2.368516218,7.705685619,35.38224619,4.9491059,24.45760383,0
104.0703125,47.16347627,0.272192222,0.510851114,1.273411371,13.18303088,13.24631237,203.2286458,0
141.5625,55.30805067,-0.277164344,-0.435247909,7.784280936,34.05403861,4.573967611,20.6845041,0
42.3125,28.11159403,4.802460021,31.83377405,13.4632107,43.66947325,3.63044253,12.94816097,1
80.078125,38.43980875,0.768374998,2.152727953,1.361204013,10.80698553,14.22975708,276.4259648,0
134.2109375,51.00178495,0.073936273,-0.206037474,2.032608696,12.20654631,10.94655484,174.7494367,0
121.7890625,41.95191674,0.104261273,0.651242035,2.913879599,16.38015485,7.202757383,68.05826017,0
39.1171875,30.50015909,4.010551871,22.3861641,67.54264214,68.8456712,1.027683359,0.245269538,1
99.390625,47.30044172,0.469409959,0.257304266,0.556020067,9.009992903,22.07906526,563.7681942,0
109.8671875,48.15524554,0.411666349,-0.30855238,114.4197324,84.87741157,-0.438917061,-1.519846258,0
121.8984375,47.98874214,0.165654823,-0.00818285,4.20819398,24.33564007,6.708815817,47.94079658,0
126.1484375,49.97844689,0.098389394,-0.274850658,6.133779264,31.9959053,5.453714485,29.38646455,0
135.6171875,53.06130315,-0.013539737,-0.388719458,2.392976589,15.64679386,9.861898671,120.4308935,0
136.9140625,49.4515273,-0.077083269,-0.138527933,1.422240803,15.93107459,12.60562335,166.7167743,0
143.2578125,50.85629971,-0.227542776,-0.088708221,1.673076923,11.85070074,12.2053217,203.8388841,0
97.9140625,47.81246362,0.719246046,0.949105507,37.51672241,67.68160672,1.558327003,0.872523036,0
117.2890625,52.26796227,-0.007522443,-0.238710573,1.481605351,15.01678535,12.60479705,179.1959908,0
154.328125,45.54463974,-0.447880355,0.46813225,12.38963211,44.75102465,3.564380001,11.42250537,0
62.1640625,45.52056152,2.438793131,6.897894438,16.84615385,49.43283417,3.102149052,8.877464039,1
113.09375,51.31709594,0.227636447,-0.076085372,4.678929766,24.21577178,6.090629236,40.31054611,0
121.1796875,42.60858071,0.19981786,0.572096208,4.230769231,21.52711419,6.021439449,40.69648094,0
100.65625,42.40843767,0.396806018,0.472520788,23.31438127,52.12364539,2.154455535,3.743475492,0
124.7421875,51.23479136,-0.085092922,-0.422924813,2.815217391,14.86393592,8.231858988,94.20538243,0
115.375,52.62589073,0.448982415,0.104403587,3.35451505,18.36574911,7.358722453,65.76400605,0
90.5703125,54.4532029,1.238811579,0.880609879,152.4197324,73.97177722,-0.933087708,-0.371531583,1
124.828125,50.58673081,0.233563176,-0.286907608,2.342809365,13.94996578,9.226187636,117.3081459,0
124.3125,53.17905338,-0.012417701,-0.556020931,7.18645485,29.30826559,4.531382135,21.72514301,0
116.03125,43.21384643,0.663455691,0.433087971,0.785117057,11.62814941,17.05521452,312.2043252,0
135.6640625,49.93374944,-0.089940306,-0.226726179,3.859531773,21.50150499,7.398394905,62.33401752,0
120.7265625,50.47225643,0.346178079,0.184797225,0.769230769,11.79260254,17.66222194,329.5480159,0
,,,,,,,,
,,S,,,,,,